edition,title,static
"Eldritch Moon","Emrakul, the Promised End","http://mythicspoiler.com/"
"Eldritch Moon","Coax from the Blind Eternities","http://mythicspoiler.com/"
"Eldritch Moon","Ulrich of the Krallenhorde - Ulrich, Uncontested Alpha","http://mythicspoiler.com/"
"Eldritch Moon","Hanwier Battlements - Hanweir, the Writhing Township","http://mythicspoiler.com/"
"Eldritch Moon","Hanweir Garrison - Hanweir, the Writhing Township","http://mythicspoiler.com/"
"Eldritch Moon","Long Road Home","http://mythicspoiler.com/"
"Eldritch Moon","Wretched Gryff","http://mythicspoiler.com/"
"Eldritch Moon","Dawn Gryff","http://mythicspoiler.com/"
"Eldritch Moon","Borrowed Malevolence","http://mythicspoiler.com/"
"Eldritch Moon","Cryptolith Fragment - Aurora of Emrakul","http://mythicspoiler.com/"
"Eldritch Moon","Chilling Grasp","http://mythicspoiler.com/"
"Eldritch Moon","Gnarlwood Dryad","http://mythicspoiler.com/"
"Eldritch Moon","Midnight Scavengers - Chittering Host","http://mythicspoiler.com/"
"Eldritch Moon","Graf Rats","http://mythicspoiler.com/"
"Eldritch Moon","Identity Thief","http://mythicspoiler.com/"
"Eldritch Moon","Thalia, Heretic Cathar","http://mythicspoiler.com/"
"Eldritch Moon","Unsubstantiate","http://mythicspoiler.com/"
"Eldritch Moon","Blessed Alliance","http://mythicspoiler.com/"
"Eldritch Moon","Bruna, the Fading Light - Brisela, Voice of Nightmares","http://mythicspoiler.com/"
"Eldritch Moon","Thalia's Lancers","http://mythicspoiler.com/"
"Eldritch Moon","Cemetery Recruitment","http://mythicspoiler.com/"
"Eldritch Moon","Kessig Prowler - Sinuous Predator","http://mythicspoiler.com/"
"Eldritch Moon","Gisela, the Broken Blade - Brisela, Voice of Nightmares","http://mythicspoiler.com/"
"Eldritch Moon","Sanctifier of Souls","http://mythicspoiler.com/"
"Eldritch Moon","Niblis of Frost","http://mythicspoiler.com/"
"Eldritch Moon","Take Inventory","http://mythicspoiler.com/"
"Eldritch Moon","Noosegraf Mob","http://mythicspoiler.com/"
"Eldritch Moon","Tree of Perdition","http://mythicspoiler.com/"
"Eldritch Moon","Assembled Alphas","http://mythicspoiler.com/"
"Eldritch Moon","Galvanic Bombardment","http://mythicspoiler.com/"
"Eldritch Moon","Emrakul's Influence","http://mythicspoiler.com/"
"Eldritch Moon","Ulvenwald Observer","http://mythicspoiler.com/"
"Eldritch Moon","Lone Rider - It That Rides as One","http://mythicspoiler.com/"
"Eldritch Moon","Smoldering Werewolf - Erupting Dreadwolf","http://mythicspoiler.com/"
"Eldritch Moon","Docent of Perfection - Final Iteration","http://mythicspoiler.com/"
"Eldritch Moon","Curious Homunculus - Voracious Reader","http://mythicspoiler.com/"
"Eldritch Moon","Grizzled Angler - Grisly Anglerfish","http://mythicspoiler.com/"
"Eldritch Moon","Vildin-Pack Outcast - Dronepack Kindred","http://mythicspoiler.com/"
"Eldritch Moon","Elder Deep-Fiend","http://mythicspoiler.com/"
"Eldritch Moon","Ingenious Skaab","http://mythicspoiler.com/"
"Eldritch Moon","Haunted Dead","http://mythicspoiler.com/"
"Eldritch Moon","Stromkirk Condemned","http://mythicspoiler.com/"
"Eldritch Moon","Bloodhall Priest","http://mythicspoiler.com/"
"Eldritch Moon","Gisa and Geralf","http://mythicspoiler.com/"
"Eldritch Moon","Soul Separator","http://mythicspoiler.com/"
"Eldritch Moon","Stitcher's Graft","http://mythicspoiler.com/"
"Eldritch Moon","Decimator of Provinces","http://mythicspoiler.com/"
"Eldritch Moon","Voldaren Pariah - Abolisher of Bloodlines","http://mythicspoiler.com/"
"Eldritch Moon","Eternal Scourge","http://mythicspoiler.com/"
"Eldritch Moon","Wharf Infiltrator","http://mythicspoiler.com/"
"Eldritch Moon","Murder","http://mythicspoiler.com/"
"Eldritch Moon","Whispers of Emrakul","http://mythicspoiler.com/"
"Eldritch Moon","Harmless Offering","http://mythicspoiler.com/"
"Eldritch Moon","Eldritch Evolution","http://mythicspoiler.com/"
"Eldritch Moon","Grapple with the Past","http://mythicspoiler.com/"
"Eldritch Moon","Lupine Prototype","http://mythicspoiler.com/"
"Eldritch Moon","Geier Reach Sanitarium","http://mythicspoiler.com/"
"Eldritch Moon","Tamiyo, Field Researcher","http://mythicspoiler.com/"
"Eldritch Moon","Deploy the Gatewatch","http://mythicspoiler.com/"
"Eldritch Moon","Providence","http://mythicspoiler.com/"
"Eldritch Moon","Summary Dismissal","http://mythicspoiler.com/"
"Eldritch Moon","Liliana, the Last Hope","http://mythicspoiler.com/"
"Eldritch Moon","Oath of Liliana","http://mythicspoiler.com/"
"Eldritch Moon","Collective Defiance","http://mythicspoiler.com/"
"Eldritch Moon","Incendiary Flow","http://mythicspoiler.com/"
"Eldritch Moon","Collective Brutality","http://mythicspoiler.com/"
"Eldritch Moon","Ishkanah, Grafwidow","http://mythicspoiler.com/"
"Eldritch Moon","Spirit of the Hunt","http://mythicspoiler.com/"
"Eldritch Moon","Nephalia Academy","http://mythicspoiler.com/"
"Eldritch Moon","Mirrorwing Dragon","http://mythicspoiler.com/"
"Eldritch Moon","Grim Flayer","http://mythicspoiler.com/"
"Eldritch Moon","Mind's Dilation","http://mythicspoiler.com/"
"Eldritch Moon","Cryptbreaker","http://mythicspoiler.com/"
"Eldritch Moon","Peace of Mind","http://mythicspoiler.com/"
"Eldritch Moon","Prey Upon","http://mythicspoiler.com/"
"Eldritch Moon","Mournwillow","http://mythicspoiler.com/"
"Eldritch Moon","Lashweed Lurker","http://mythicspoiler.com/"
"Eldritch Moon","Selfless Spirit","http://mythicspoiler.com/"
"Eldritch Moon","Falkenrath Reaver","http://mythicspoiler.com/"
"Eldritch Moon","Permeating Mass","http://mythicspoiler.com/"
"Eldritch Moon","Mercurial Geists","http://mythicspoiler.com/"
"Eldritch Moon","Ride Down","http://mythicspoiler.com/"
"Eldritch Moon","Nahiri's Wrath","http://mythicspoiler.com/"
"Eldritch Moon","Fortune's Favor","http://mythicspoiler.com/"
"Eldritch Moon","Dark Salvation","http://mythicspoiler.com/"
"Eldritch Moon","Bedlam Reveler","http://mythicspoiler.com/"
"Eldritch Moon","Noose Constrictor","http://mythicspoiler.com/"
"Eldritch Moon","Wolfkin Bond","http://mythicspoiler.com/"
"Eldritch Moon","Campaign of Vengeance","http://mythicspoiler.com/"
"Eldritch Moon","Spell Queller","http://mythicspoiler.com/"
"Eldritch Moon","Thirsting Axe","http://mythicspoiler.com/"
"Eldritch Moon","Terrarion","http://mythicspoiler.com/"
"Eldritch Moon","Slayer's Cleaver","http://mythicspoiler.com/"
"Eldritch Moon","Geist-Fueled Scarecrow","http://mythicspoiler.com/"
"Eldritch Moon","Field Creeper","http://mythicspoiler.com/"
"Eldritch Moon","Borrowed Grace","http://mythicspoiler.com/"
"Eldritch Moon","Cultist's Staff","http://mythicspoiler.com/"
"Eldritch Moon","Choking Restraints","http://mythicspoiler.com/"
"Eldritch Moon","Collective Effort","http://mythicspoiler.com/"
"Eldritch Moon","Courageous Outrider","http://mythicspoiler.com/"
"Eldritch Moon","Desperate Sentry","http://mythicspoiler.com/"
"Eldritch Moon","Cathar's Shield","http://mythicspoiler.com/"
"Eldritch Moon","Drogskol Shieldmate","http://mythicspoiler.com/"
"Eldritch Moon","Faith Unbroken","http://mythicspoiler.com/"
"Eldritch Moon","Faithbearer Paladin","http://mythicspoiler.com/"
"Eldritch Moon","Fiend Binder","http://mythicspoiler.com/"
"Eldritch Moon","Ulvenwald Captive - Ulvenwald Abomination","http://mythicspoiler.com/"
"Eldritch Moon","Geist of the Lonely Vigil","http://mythicspoiler.com/"
"Eldritch Moon","Give No Ground","http://mythicspoiler.com/"
"Eldritch Moon","Tangleclaw Werewolf - Fibrous Entangler","http://mythicspoiler.com/"
"Eldritch Moon","Abandon Reason","http://mythicspoiler.com/"
"Eldritch Moon","Guardian of Pilgrims","http://mythicspoiler.com/"
"Eldritch Moon","Alchemist's Greeting","http://mythicspoiler.com/"
"Eldritch Moon","Blood Mist","http://mythicspoiler.com/"
"Eldritch Moon","Shrill Howler - Howling Chorus","http://mythicspoiler.com/"
"Eldritch Moon","Bold Impaler","http://mythicspoiler.com/"
"Eldritch Moon","Ironclad Slayer","http://mythicspoiler.com/"
"Eldritch Moon","Ironwright's Cleansing","http://mythicspoiler.com/"
"Eldritch Moon","Borrowed Hostility","http://mythicspoiler.com/"
"Eldritch Moon","Conduit of Storms","http://mythicspoiler.com/"
"Eldritch Moon","Brazen Wolves","http://mythicspoiler.com/"
"Eldritch Moon","Lunarch Mantle","http://mythicspoiler.com/"
"Eldritch Moon","Repel the Abominable","http://mythicspoiler.com/"
"Eldritch Moon","Deranged Whelp","http://mythicspoiler.com/"
"Eldritch Moon","Sigarda's Aid","http://mythicspoiler.com/"
"Eldritch Moon","Distemper of the Blood","http://mythicspoiler.com/"
"Eldritch Moon","Sigardian Priest","http://mythicspoiler.com/"
"Eldritch Moon","Furyblade Vampire","http://mythicspoiler.com/"
"Eldritch Moon","Spectral Reserves","http://mythicspoiler.com/"
"Eldritch Moon","Steadfast Cathar","http://mythicspoiler.com/"
"Eldritch Moon","Abundant Maw","http://mythicspoiler.com/"
"Eldritch Moon","Distended Mindbender","http://mythicspoiler.com/"
"Eldritch Moon","Subjugator Angel","http://mythicspoiler.com/"
"Eldritch Moon","Impetuous Devils","http://mythicspoiler.com/"
"Eldritch Moon","Insatiable Gorgers","http://mythicspoiler.com/"
"Eldritch Moon","Drownyard Behemoth","http://mythicspoiler.com/"
"Eldritch Moon","Make Mischief","http://mythicspoiler.com/"
"Eldritch Moon","Thraben Standard Bearer","http://mythicspoiler.com/"
"Eldritch Moon","It of the Horrid Swarm","http://mythicspoiler.com/"
"Eldritch Moon","Otherworldly Outburst","http://mythicspoiler.com/"
"Eldritch Moon","Prophetic Ravings","http://mythicspoiler.com/"
"Eldritch Moon","Mockery of Nature","http://mythicspoiler.com/"
"Eldritch Moon","Savage Alliance","http://mythicspoiler.com/"
"Eldritch Moon","Vexing Scuttler","http://mythicspoiler.com/"
"Eldritch Moon","Advanced Stitchwing","http://mythicspoiler.com/"
"Eldritch Moon","Contingency Plan","http://mythicspoiler.com/"
"Eldritch Moon","Shreds of Sanity","http://mythicspoiler.com/"
"Eldritch Moon","Heron's Grace Champion","http://mythicspoiler.com/"
"Eldritch Moon","Convolute","http://mythicspoiler.com/"
"Eldritch Moon","Spreading Flames","http://mythicspoiler.com/"
"Eldritch Moon","Displace","http://mythicspoiler.com/"
"Eldritch Moon","Drag Under","http://mythicspoiler.com/"
"Eldritch Moon","Stensia Banquet","http://mythicspoiler.com/"
"Eldritch Moon","Backwoods Survivalists","http://mythicspoiler.com/"
"Eldritch Moon","Enlightened Maniac","http://mythicspoiler.com/"
"Eldritch Moon","Exultant Cultist","http://mythicspoiler.com/"
"Eldritch Moon","Stensia Innkeeper","http://mythicspoiler.com/"
"Eldritch Moon","Fogwalker","http://mythicspoiler.com/"
"Eldritch Moon","Stromkirk Occultist","http://mythicspoiler.com/"
"Eldritch Moon","Bloodbriar","http://mythicspoiler.com/"
"Eldritch Moon","Geist of the Archives","http://mythicspoiler.com/"
"Eldritch Moon","Thermo-Alchemist","http://mythicspoiler.com/"
"Eldritch Moon","Clear Shot","http://mythicspoiler.com/"
"Eldritch Moon","Imprisoned in the Moon","http://mythicspoiler.com/"
"Eldritch Moon","Weaver of Lightning","http://mythicspoiler.com/"
"Eldritch Moon","Crop Sigil","http://mythicspoiler.com/"
"Eldritch Moon","Laboratory Brute","http://mythicspoiler.com/"
"Eldritch Moon","Lunar Force","http://mythicspoiler.com/"
"Eldritch Moon","Crossroads Consecrator","http://mythicspoiler.com/"
"Eldritch Moon","Emrakul's Evangel","http://mythicspoiler.com/"
"Eldritch Moon","Mausoleum Wanderer","http://mythicspoiler.com/"
"Eldritch Moon","Nebelgast Herald","http://mythicspoiler.com/"
"Eldritch Moon","Foul Emissary","http://mythicspoiler.com/"
"Eldritch Moon","Scour the Laboratory","http://mythicspoiler.com/"
"Eldritch Moon","Weirded Vampire","http://mythicspoiler.com/"
"Eldritch Moon","Hamlet Captain","http://mythicspoiler.com/"
"Eldritch Moon","Wailing Ghoul","http://mythicspoiler.com/"
"Eldritch Moon","Spontaneous Mutation","http://mythicspoiler.com/"
"Eldritch Moon","Vampire Cutthroat","http://mythicspoiler.com/"
"Eldritch Moon","Tattered Haunter","http://mythicspoiler.com/"
"Eldritch Moon","Primal Druid","http://mythicspoiler.com/"
"Eldritch Moon","Thraben Foulbloods","http://mythicspoiler.com/"
"Eldritch Moon","Somberwald Stag","http://mythicspoiler.com/"
"Eldritch Moon","Succumb to Temptation","http://mythicspoiler.com/"
"Eldritch Moon","Turn Aside","http://mythicspoiler.com/"
"Eldritch Moon","Splendid Reclamation","http://mythicspoiler.com/"
"Eldritch Moon","Strange Augmentation","http://mythicspoiler.com/"
"Eldritch Moon","Springsage Ritual","http://mythicspoiler.com/"
"Eldritch Moon","Boon of Emrakul","http://mythicspoiler.com/"
"Eldritch Moon","Skirsdag Supplicant","http://mythicspoiler.com/"
"Eldritch Moon","Certain Death","http://mythicspoiler.com/"
"Eldritch Moon","Swift Spinner","http://mythicspoiler.com/"
"Eldritch Moon","Ruthless Disposal","http://mythicspoiler.com/"
"Eldritch Moon","Dusk Feaster","http://mythicspoiler.com/"
"Eldritch Moon","Waxing Moon","http://mythicspoiler.com/"
"Eldritch Moon","Rise from the Grave","http://mythicspoiler.com/"
"Eldritch Moon","Prying Questions","http://mythicspoiler.com/"
"Eldritch Moon","Woodcutter's Grit","http://mythicspoiler.com/"
"Eldritch Moon","Gavony Unhallowed","http://mythicspoiler.com/"
"Eldritch Moon","Woodland Patrol","http://mythicspoiler.com/"
"Eldritch Moon","Olivia's Dragoon","http://mythicspoiler.com/"
"Eldritch Moon","Graf Harvest","http://mythicspoiler.com/"
"Eldritch Moon","Markov Crusader","http://mythicspoiler.com/"
"Eldritch Moon","Liliana's Elite","http://mythicspoiler.com/"
"Eldritch Moon","Extricator of Sin - Extricator of Flesh","http://mythicspoiler.com/"
